{
    "name": "root",
    "metadata": {
        "timer_format_version": "0.1.0",
        "start_time_seconds": "1671541155",
        "python_version": "3.6.6 (v3.6.6:4cf1f54eb7, Jun 27 2018, 03:37:03) [MSC v.1900 64 bit (AMD64)]",
        "command_line_arguments": "C:\\Python36\\scripts\\mlagents-learn --force config/rollerball_config.yaml --run-id=RollerBall",
        "mlagents_version": "0.28.0",
        "mlagents_envs_version": "0.28.0",
        "communication_protocol_version": "1.5.0",
        "pytorch_version": "1.10.2+cpu",
        "numpy_version": "1.19.5",
        "end_time_seconds": "1671541171"
    },
    "total": 15.8786336,
    "count": 1,
    "self": 0.014887700000000947,
    "children": {
        "run_training.setup": {
            "total": 0.1154726,
            "count": 1,
            "self": 0.1154726
        },
        "TrainerController.start_learning": {
            "total": 15.7482733,
            "count": 1,
            "self": 0.00015460000000011576,
            "children": {
                "TrainerController._reset_env": {
                    "total": 15.210080399999999,
                    "count": 1,
                    "self": 15.210080399999999
                },
                "TrainerController.advance": {
                    "total": 0.5205122000000006,
                    "count": 1,
                    "self": 8.899999999201214e-06,
                    "children": {
                        "env_step": {
                            "total": 0.5205033000000014,
                            "count": 1,
                            "self": 0.00012180000000050484,
                            "children": {
                                "SubprocessEnvManager._take_step": {
                                    "total": 0.5203815000000009,
                                    "count": 1,
                                    "self": 1.929999999994436e-05,
                                    "children": {
                                        "TorchPolicy.evaluate": {
                                            "total": 0.520362200000001,
                                            "count": 1,
                                            "self": 0.0002481000000003064,
                                            "children": {
                                                "TorchPolicy.sample_actions": {
                                                    "total": 0.5201141000000007,
                                                    "count": 1,
                                                    "self": 0.5201141000000007
                                                }
                                            }
                                        }
                                    }
                                }
                            }
                        }
                    }
                },
                "TrainerController._save_models": {
                    "total": 0.017526099999999545,
                    "count": 1,
                    "self": 2.2400000000644127e-05,
                    "children": {
                        "RLTrainer._checkpoint": {
                            "total": 0.0175036999999989,
                            "count": 1,
                            "self": 0.0175036999999989
                        }
                    }
                }
            }
        }
    }
}